Year,Country,Disaster Subroup,Disaster Type,Total Events,Total Affected,Total Deaths,"Total Damage (USD, adjusted)"
#date +occurred,#country +name,#cause +subgroup,#cause +type,#frequency,#affected +ind,#affected +ind +killed,#value +usd
2000,United States of America,Climatological,Drought,2,,,2056546170
2000,United States of America,Climatological,Wildfire,7,36087,14,4673968568
2000,United States of America,Geophysical,Earthquake,1,25174,,93479371
2000,United States of America,Hydrological,Flood,2,2300,3,
2000,United States of America,Hydrological,Flood,3,840,2,186958743
2000,United States of America,Hydrological,Flood,3,506,3,347743261
2000,United States of America,Meteorological,Extreme temperature,1,,35,
2000,United States of America,Meteorological,Storm,2,34,57,
2000,United States of America,Meteorological,Storm,1,,,
2000,United States of America,Meteorological,Storm,2,75,16,1589149313
2000,United States of America,Meteorological,Storm,6,5612,30,1470617470
2000,United States of America,Meteorological,Storm,1,17433,2,409439647
2001,United States of America,Climatological,Wildfire,3,139,2,
2001,United States of America,Geophysical,Earthquake,1,400,1,3636404280
2001,United States of America,Hydrological,Flood,1,3600,,
2001,United States of America,Hydrological,Flood,4,20200,12,60000671
2001,United States of America,Meteorological,Extreme temperature,1,,56,
2001,United States of America,Meteorological,Storm,1,100,11,
2001,United States of America,Meteorological,Storm,3,422,13,
2001,United States of America,Meteorological,Storm,12,8531,17,597824864
2001,United States of America,Meteorological,Storm,1,172000,41,10909212841
2002,United States of America,Climatological,Drought,1,,,5906389517
2002,United States of America,Climatological,Wildfire,7,6488,,415416063
2002,United States of America,Climatological,Wildfire,1,,,
2002,United States of America,Hydrological,Flood,4,147750,26,1949108541
2002,United States of America,Meteorological,Extreme temperature,1,,14,
2002,United States of America,Meteorological,Storm,4,,92,806311660
2002,United States of America,Meteorological,Storm,4,801,48,1074783911
2002,United States of America,Meteorological,Storm,5,4898,49,5233419075
2002,United States of America,Meteorological,Storm,2,13200,1,4116574512
2003,United States of America,Climatological,Wildfire,3,27894,18,6125302485
2003,United States of America,Geophysical,Earthquake,1,160,2,350017285
2003,United States of America,Hydrological,Flood,1,,18,
2003,United States of America,Hydrological,Flood,3,3200,6,215260630
2003,United States of America,Hydrological,Mass movement (wet),1,15,15,
2003,United States of America,Meteorological,Storm,4,120,74,393769445
2003,United States of America,Meteorological,Storm,4,1297,27,4375216061
2003,United States of America,Meteorological,Storm,4,17226,51,15750777818
2003,United States of America,Meteorological,Storm,2,225004,20,5985295571
2004,United States of America,Climatological,Wildfire,3,15487,,
2004,United States of America,Hydrological,Flood,4,5340,1,861601573
2004,United States of America,Meteorological,Extreme temperature,1,,3,
2004,United States of America,Meteorological,Storm,1,,56,102267249
2004,United States of America,Meteorological,Storm,2,6459,14,1874899566
2004,United States of America,Meteorological,Storm,2,1313,14,1193407663
2004,United States of America,Meteorological,Storm,2,1938,9,514915599
2004,United States of America,Meteorological,Storm,5,5070000,122,90442598398
2005,United States of America,Climatological,Wildfire,1,1410,5,164852379
2005,United States of America,Hydrological,Flood,1,,,8786632
2005,United States of America,Hydrological,Flood,5,18258,53,1195179748
2005,United States of America,Meteorological,Extreme temperature,1,31,33,
2005,United States of America,Meteorological,Storm,2,,30,576983326
2005,United States of America,Meteorological,Storm,1,104,,576983326
2005,United States of America,Meteorological,Storm,1,201,,
2005,United States of America,Meteorological,Storm,4,830000,1852,2.59692E+11
2006,United States of America,Climatological,Wildfire,2,118,4,79850271
2006,United States of America,Climatological,Wildfire,2,467,13,265102901
2006,United States of America,Geophysical,Earthquake,1,3529,,239550814
2006,United States of America,Hydrological,Flood,11,74060,40,2361172526
2006,United States of America,Meteorological,Extreme temperature,2,,188,
2006,United States of America,Meteorological,Storm,3,,3,1054023583
2006,United States of America,Meteorological,Storm,2,4261,40,3513411943
2006,United States of America,Meteorological,Storm,1,600,1,718652443
2006,United States of America,Meteorological,Storm,2,,21,
2006,United States of America,Meteorological,Storm,3,662,22,2211852519
2006,United States of America,Meteorological,Storm,1,140,6,52477598
2007,United States of America,Climatological,Drought,1,,,465813456
2007,United States of America,Climatological,Wildfire,2,10927,,489104129
2007,United States of America,Climatological,Wildfire,1,640064,8,3881778800
2007,United States of America,Hydrological,Flood,1,120,4,
2007,United States of America,Hydrological,Flood,5,8690,76,1130373987
2007,United States of America,Meteorological,Storm,1,,16,217379613
2007,United States of America,Meteorological,Storm,7,1377,160,7142472993
2007,United States of America,Meteorological,Storm,4,6940,62,1676928442
2007,United States of America,Meteorological,Storm,1,,26,385072457
2008,United States of America,Climatological,Wildfire,1,300,1,152521143
2008,United States of America,Climatological,Wildfire,1,55020,,2990610641
2008,United States of America,Geophysical,Earthquake,1,2103,,
2008,United States of America,Hydrological,Flood,4,11032648,44,14956043815
2008,United States of America,Meteorological,Extreme temperature,1,,,
2008,United States of America,Meteorological,Storm,1,,5,538309915
2008,United States of America,Meteorological,Storm,1,,12,1495305320
2008,United States of America,Meteorological,Storm,7,747,97,8762489178
2008,United States of America,Meteorological,Storm,5,2300400,144,57629067050
2009,United States of America,Climatological,Wildfire,2,455,2,150064075
2009,United States of America,Hydrological,Flood,4,9960,11,999426739
2009,United States of America,Meteorological,Extreme temperature,1,,58,1650704824
2009,United States of America,Meteorological,Storm,1,,19,
2009,United States of America,Meteorological,Storm,1,25,6,2250961124
2009,United States of America,Meteorological,Storm,2,,7,1860794529
2009,United States of America,Meteorological,Storm,4,874,33,10579517284
2009,United States of America,Meteorological,Storm,2,9,9,900384450
2010,United States of America,Geophysical,Earthquake,1,630,,18455334
2010,United States of America,Hydrological,Flood,3,1000,20,
2010,United States of America,Meteorological,Storm,2,,3,3691066884
2010,United States of America,Meteorological,Storm,1,100,20,
2010,United States of America,Meteorological,Storm,2,8000,50,3469602870
2010,United States of America,Meteorological,Storm,1,,11,2214640130
2010,United States of America,Meteorological,Storm,3,2841,25,3986352234
2010,United States of America,Meteorological,Storm,2,,9,501985096
2011,United States of America,Climatological,Drought,1,,,11449956101
2011,United States of America,Climatological,Wildfire,2,4800,6,1717493415
2011,United States of America,Climatological,Wildfire,1,1305,2,261917746
2011,United States of America,Hydrological,Flood,4,36100,17,9446213783
2011,United States of America,Meteorological,Extreme temperature,1,,22,
2011,United States of America,Meteorological,Storm,4,,89,7013098112
2011,United States of America,Meteorological,Storm,2,,16,5009355794
2011,United States of America,Meteorological,Storm,5,18593,590,38643601842
2011,United States of America,Meteorological,Storm,2,370600,61,11521518327
2012,United States of America,Climatological,Drought,2,,,28044556398
2012,United States of America,Climatological,Wildfire,2,2847,3,1121782256
2012,United States of America,Hydrological,Flood,1,300,2,243987641
2012,United States of America,Meteorological,Extreme temperature,1,,123,
2012,United States of America,Meteorological,Storm,3,1,27,283250020
2012,United States of America,Meteorological,Storm,6,9005,7,10670953710
2012,United States of America,Meteorological,Storm,2,100,29,11918936469
2012,United States of America,Meteorological,Storm,5,4297,63,12655106075
2012,United States of America,Meteorological,Storm,3,77001,64,73210314478
2013,United States of America,Climatological,Wildfire,3,2114,21,723330430
2013,United States of America,Climatological,Wildfire,2,261,1,255667041
2013,United States of America,Hydrological,Flood,7,34725,31,3146777586
2013,United States of America,Meteorological,Extreme temperature,1,,19,276396802
2013,United States of America,Meteorological,Storm,5,4882,51,1937541579
2013,United States of America,Meteorological,Storm,2,,4,1658380809
2013,United States of America,Meteorological,Storm,3,,9,6771721638
2013,United States of America,Meteorological,Storm,5,172592,76,9812086455
2014,United States of America,Climatological,Drought,1,,,2991830521
2014,United States of America,Climatological,Wildfire,1,429,2,135992296
2014,United States of America,Geophysical,Earthquake,1,3250,1,951946075
2014,United States of America,Hydrological,Flood,1,40,,122393067
2014,United States of America,Hydrological,Flood,1,102000,2,2175876742
2014,United States of America,Hydrological,Mass movement (wet),1,150,43,27198459
2014,United States of America,Meteorological,Extreme temperature,1,,21,3399807410
2014,United States of America,Meteorological,Storm,7,30,91,2124199670
2014,United States of America,Meteorological,Storm,4,336,4,8077942406
2014,United States of America,Meteorological,Storm,1,15,40,2719845928
2014,United States of America,Meteorological,Storm,1,834,1,89754916
2015,United States of America,Climatological,Drought,1,,,6112402773
2015,United States of America,Climatological,Wildfire,2,8727,7,2444961109
2015,United States of America,Climatological,Wildfire,2,4637,5,206463383
2015,United States of America,Hydrological,Flood,3,24000,67,3670158287
2015,United States of America,Hydrological,Flood,2,4650,31,950818209
2015,United States of America,Meteorological,Storm,7,300,110,5080085860
2015,United States of America,Meteorological,Storm,3,,10,3151283207
2015,United States of America,Meteorological,Storm,2,40,8,2241214350
2015,United States of America,Meteorological,Storm,6,3436,65,8163453481
2015,United States of America,Meteorological,Storm,1,800,25,2716623455
2016,United States of America,Climatological,Wildfire,4,8452,16,2012083150
2016,United States of America,Geophysical,Earthquake,1,120,,26827775
2016,United States of America,Hydrological,Flood,1,21000,9,2682777533
2016,United States of America,Hydrological,Flood,4,70000,44,16901498459
2016,United States of America,Hydrological,Flood,1,,1,737763822
2016,United States of America,Meteorological,Storm,4,85000057,90,2850451129
2016,United States of America,Meteorological,Storm,1,12,9,1475527643
2016,United States of America,Meteorological,Storm,3,3019,13,8450749230
2016,United States of America,Meteorological,Storm,4,300,8,7008756305
2016,United States of America,Meteorological,Storm,1,2000,25,1341388767
2016,United States of America,Meteorological,Storm,1,10,2,2280360903
2016,United States of America,Meteorological,Storm,2,14070,52,14218720926
2017,United States of America,Climatological,Drought,1,,,3283528609
2017,United States of America,Climatological,Wildfire,1,156,,
2017,United States of America,Climatological,Wildfire,1,9185,43,17074348768
2017,United States of America,Climatological,Wildfire,1,2963,2,2889505176
2017,United States of America,Hydrological,Flood,1,,10,
2017,United States of America,Hydrological,Flood,1,70,20,2232799454
2017,United States of America,Hydrological,Flood,1,300,,
2017,United States of America,Meteorological,Storm,3,12,36,3283528609
2017,United States of America,Meteorological,Storm,2,615,2,6961080651
2017,United States of America,Meteorological,Storm,3,248,2,4807085884
2017,United States of America,Meteorological,Storm,1,200,24,1444752588
2017,United States of America,Meteorological,Storm,1,200000,5,1970117165
2017,United States of America,Meteorological,Storm,3,1242,5,6304374930
2017,United States of America,Meteorological,Storm,4,652084,189,1.99967E+11
2018,United States of America,Climatological,Drought,1,,,3846288704
2018,United States of America,Climatological,Wildfire,2,253237,102,22436684104
2018,United States of America,Climatological,Wildfire,1,3,2,6666900419
2018,United States of America,Geophysical,Volcanic activity,1,2500,,641048117
2018,United States of America,Hydrological,Flood,1,,2,320524059
2018,United States of America,Hydrological,Flood,1,1596,,160262029
2018,United States of America,Hydrological,Flood,1,,5,512838494
2018,United States of America,Hydrological,Mass movement (wet),1,1366,21,1153886611
2018,United States of America,Meteorological,Storm,4,,43,4487336821
2018,United States of America,Meteorological,Storm,1,18,,1282096235
2018,United States of America,Meteorological,Storm,2,75,8,3525764645
2018,United States of America,Meteorological,Storm,1,,,1923144352
2018,United States of America,Meteorological,Storm,3,1505000,107,38623149065
2019,United States of America,Climatological,Wildfire,2,1265,3,2046321552
2019,United States of America,Geophysical,Earthquake,1,150,,251854960
2019,United States of America,Hydrological,Flood,3,14600,5,
2019,United States of America,Hydrological,Flood,1,2000,5,12592748013
2019,United States of America,Meteorological,Storm,3,57,45,
2019,United States of America,Meteorological,Storm,2,12,7,1511129762
2019,United States of America,Meteorological,Storm,1,,10,125927480
2019,United States of America,Meteorological,Storm,2,,22,3570044062
2019,United States of America,Meteorological,Storm,3,417,39,1876319454
2019,United States of America,Meteorological,Storm,3,1000,16,7177866367
2020,United States of America,Climatological,Drought,1,,45,5597684489
2020,United States of America,Climatological,Wildfire,1,,32,13683228750
2020,United States of America,Hydrological,Flood,1,10000,1,2612252761
2020,United States of America,Hydrological,Flood,1,3000,,217687730
2020,United States of America,Meteorological,Storm,1,,4,8458723227
2020,United States of America,Meteorological,Storm,1,,,1741501841
2020,United States of America,Meteorological,Storm,1,,11,435375460
2020,United States of America,Meteorological,Storm,4,,14,9702653114
2020,United States of America,Meteorological,Storm,4,12531,66,12812477830
2020,United States of America,Meteorological,Storm,8,15900,80,41578356452
2021,United States of America,Climatological,Drought,1,,,10693029124
2021,United States of America,Climatological,Wildfire,2,57164,3,5346514562
2021,United States of America,Climatological,Wildfire,4,4693,2,4318795652
2021,United States of America,Hydrological,Flood,5,1325,36,2079200107
2021,United States of America,Hydrological,Flood,6,500,21,2257417259
2021,United States of America,Hydrological,Flood,1,51,1,178217152
2021,United States of America,Meteorological,Extreme temperature,1,,229,
2021,United States of America,Meteorological,Storm,2,10,239,35762241846
2021,United States of America,Meteorological,Storm,1,,,1544548651
2021,United States of America,Meteorological,Storm,9,452,33,14180144732
2021,United States of America,Meteorological,Storm,1,344,14,445542880
2021,United States of America,Meteorological,Storm,5,230,104,10479168541
2021,United States of America,Meteorological,Storm,5,14200,104,82039295664
2022,United States of America,Climatological,Drought,1,,136,24201702056
2022,United States of America,Climatological,Wildfire,4,2402,6,336623674
2022,United States of America,Geophysical,Earthquake,1,12,2,275019342
2022,United States of America,Hydrological,Flood,3,1075,42,1650116049
2022,United States of America,Meteorological,Storm,2,,103,3547749506
2022,United States of America,Meteorological,Storm,1,12,2,2750193415
2022,United States of America,Meteorological,Storm,2,690,4,1842629588
2022,United States of America,Meteorological,Storm,5,754,26,4456413410
2022,United States of America,Meteorological,Storm,6,489,30,12022745535
2022,United States of America,Meteorological,Storm,2,1500,157,1.11108E+11
2023,United States of America,Climatological,Drought,1,,247,15320469026
2023,United States of America,Climatological,Wildfire,2,8497,130,5811212389
2023,United States of America,Hydrological,Flood,1,2000,,1162242478
2023,United States of America,Hydrological,Flood,3,126,13,2324484956
2023,United States of America,Meteorological,Extreme temperature,1,,14,
2023,United States of America,Meteorological,Extreme temperature,1,25,10,406784867
2023,United States of America,Meteorological,Storm,4,2661,18,3439181150
2023,United States of America,Meteorological,Storm,6,307,28,22769386725
2023,United States of America,Meteorological,Storm,5,14417,75,17084964424
2023,United States of America,Meteorological,Storm,1,,5,3698044248